<project version='4'>
  <component name='ProjectLibraryManager'>
    <option name='libraries'>
      <map>
        <entry key='mbeddr.scripts'>
          <value>
            <Library>
              <option name='name' value='mbeddr.scripts' />
              <option name='path' value='$PROJECT_DIR$/gradle/build/artifacts/com.mbeddr.allScripts.build' />
            </Library>
          </value>
        </entry>
        <entry key='mbeddr.platform'>
          <value>
            <Library>
              <option name='name' value='mbeddr.platform' />
              <option name='path' value='$PROJECT_DIR$/gradle/build/artifacts/com.mbeddr.platform' />
            </Library>
          </value>
        </entry>
        <entry key='mbeddr'>
          <value>
            <Library>
              <option name='name' value='mbeddr' />
              <option name='path' value='$PROJECT_DIR$/gradle/build/artifacts/mbeddr' />
            </Library>
          </value>
        </entry>
      </map>
    </option>
  </component>
</project>