<?xml version="1.0" encoding="UTF-8"?>
<project version="4">
  <component name="MPSProject">
    <projectModules>
      <modulePath path="$PROJECT_DIR$/_spreferences/CodeReviewPreferences/module.msd" folder="_spreferences" />
      <modulePath path="$PROJECT_DIR$/_spreferences/PlatformTemplates/module.msd" folder="_spreferences" />
      <modulePath path="$PROJECT_DIR$/_spreferences/TypeSizeConfiguration/module.msd" folder="_spreferences" />
      <modulePath path="$PROJECT_DIR$/devkits/mbeddr.arduino/mbeddr.arduino.devkit" folder="" />
      <modulePath path="$PROJECT_DIR$/languages/mbeddr.arduino.core/mbeddr.arduino.core.mpl" folder="core" />
      <modulePath path="$PROJECT_DIR$/languages/mbeddr.arduino.core/solutions/pluginSolution/mbeddr.arduino.util.msd" folder="core" />
      <modulePath path="$PROJECT_DIR$/languages/mbeddr.arduino.interrupts/mbeddr.arduino.interrupts.mpl" folder="core" />
      <modulePath path="$PROJECT_DIR$/languages/mbeddr.arduino.registers/mbeddr.arduino.registers.mpl" folder="core" />
      <modulePath path="$PROJECT_DIR$/languages/mbeddr.arduino.statemachine/mbeddr.arduino.statemachine.mpl" folder="ext" />
      <modulePath path="$PROJECT_DIR$/solutions/arduino.samples/arduino.samples.msd" folder="" />
      <modulePath path="$PROJECT_DIR$/solutions/mbeddr.arduino.all-scripts/mbeddr.arduino.all-scripts.msd" folder="build" />
      <modulePath path="$PROJECT_DIR$/solutions/mbeddr.arduino.build/mbeddr.arduino.build.msd" folder="build" />
      <modulePath path="$PROJECT_DIR$/solutions/mbeddr.arduino.header/mbeddr.arduino.header.msd" folder="lib" />
      <modulePath path="$PROJECT_DIR$/solutions/mbeddr.arduino.platform/mbeddr.arduino.platform.msd" folder="lib" />
    </projectModules>
  </component>
</project>